recording_time_s,mission_time_s,horizontal_saturated,altitude_saturated,attitude_saturated,mixer_saturated,any_saturated
0.008502960205078125,,0,0,0,0,0
0.0185089111328125,,0,0,0,0,0
0.028644561767578125,,0,0,0,0,0
0.03849434852600098,,0,0,0,0,0
0.04865694046020508,,0,0,0,0,0
0.0586395263671875,,0,0,0,0,0
0.06858539581298828,,0,0,0,0,0
0.07856464385986328,,0,0,0,0,0
0.08873891830444336,,0,0,0,0,0
0.0988922119140625,,0,0,0,0,0
0.10888457298278809,,0,0,0,0,0
0.11896157264709473,,0,0,0,0,0
0.1289212703704834,,0,0,0,0,0
0.13886499404907227,,0,0,0,0,0
0.149092435836792,,0,0,0,0,0
0.15875530242919922,,0,0,0,0,0
0.16881632804870605,,0,0,0,0,0
0.1786949634552002,,0,0,0,0,0
0.188995361328125,,0,0,0,0,0
0.19889235496520996,,0,0,0,0,0
0.20880603790283203,,0,0,0,0,0
0.21897149085998535,,0,0,0,0,0
0.22900056838989258,,0,0,0,0,0
0.23905038833618164,,0,0,0,0,0
0.24891400337219238,,0,0,0,0,0
0.25867772102355957,,0,0,0,0,0
0.2688944339752197,,0,0,0,0,0
0.27886104583740234,,0,0,0,0,0
0.2889721393585205,,0,0,0,0,0
0.29886531829833984,,0,0,0,0,0
0.30877184867858887,,0,0,0,0,0
0.31891489028930664,,0,0,0,0,0
0.3288552761077881,,0,0,0,0,0
0.33890438079833984,,0,0,0,0,0
0.34870433807373047,,0,0,0,0,0
0.35863232612609863,,0,0,0,0,0
0.3687863349914551,,0,0,0,0,0
0.37880873680114746,,0,0,0,0,0
0.38875865936279297,,0,0,0,0,0
0.39893651008605957,,0,0,0,0,0
0.408719539642334,,0,0,0,0,0
0.41892409324645996,,0,0,0,0,0
0.4288020133972168,,0,0,0,0,0
0.4388468265533447,,0,0,0,0,0
0.4487919807434082,,0,0,0,0,0
0.458789587020874,,0,0,0,0,0
0.4688131809234619,,0,0,0,0,0
0.47868943214416504,,0,0,0,0,0
0.4888284206390381,,0,0,0,0,0
0.49880123138427734,,0,0,0,0,0
0.5091128349304199,,0,0,0,0,0
0.5190255641937256,,0,0,0,0,0
0.5291047096252441,,0,0,0,0,0
0.5389313697814941,,0,0,0,0,0
0.5490100383758545,,0,0,0,0,0
0.5588037967681885,,0,0,0,0,0
0.5689606666564941,,0,0,0,0,0
0.57893967628479,,0,0,0,0,0
0.5889408588409424,,0,0,0,0,0
0.5989084243774414,,0,0,0,0,0
0.6089694499969482,,0,0,0,0,0
0.6189372539520264,,0,0,0,0,0
0.6289119720458984,,0,0,0,0,0
0.6388967037200928,,0,0,0,0,0
0.6492588520050049,,0,0,0,0,0
0.6588847637176514,,0,0,0,0,0
0.6685299873352051,,0,0,0,0,0
0.6788334846496582,,0,0,0,0,0
0.6887657642364502,,0,0,0,0,0
0.6988525390625,,0,0,0,0,0
0.7086668014526367,,0,0,0,0,0
0.7189500331878662,,0,0,0,0,0
0.728825569152832,,0,0,0,0,0
0.7391343116760254,,0,0,0,0,0
0.7489485740661621,,0,0,0,0,0
0.7587127685546875,,0,0,0,0,0
0.7688412666320801,,0,0,0,0,0
0.7788166999816895,,0,0,0,0,0
0.7888190746307373,,0,0,0,0,0
0.7989230155944824,,0,0,0,0,0
0.8089084625244141,,0,0,0,0,0
0.8188865184783936,,0,0,0,0,0
0.8291583061218262,,0,0,0,0,0
0.8389990329742432,,0,0,0,0,0
0.8489539623260498,,0,0,0,0,0
0.858626127243042,,0,0,0,0,0
0.8691439628601074,,0,0,0,0,0
0.8789844512939453,,0,0,0,0,0
0.8889305591583252,,0,0,0,0,0
0.8988158702850342,,0,0,0,0,0
0.9087224006652832,,0,0,0,0,0
0.9192101955413818,,0,0,0,0,0
0.9288778305053711,,0,0,0,0,0
0.939192533493042,,0,0,0,0,0
0.9491009712219238,,0,0,0,0,0
0.9586615562438965,,0,0,0,0,0
0.968881368637085,,0,0,0,0,0
0.9787287712097168,,0,0,0,0,0
0.9886748790740967,,0,0,0,0,0
0.9985218048095703,,0,0,0,0,0
1.0085666179656982,,0,0,0,0,0
1.0186150074005127,,0,0,0,0,0
1.0287153720855713,,0,0,0,0,0
1.0387325286865234,,0,0,0,0,0
1.048929214477539,,0,0,0,0,0
1.058692216873169,,0,0,0,0,0
1.0689406394958496,,0,0,0,0,0
1.0786755084991455,,0,0,0,0,0
1.0886034965515137,,0,0,0,0,0
1.0987141132354736,,0,0,0,0,0
1.1085541248321533,,0,0,0,0,0
1.1188757419586182,,0,0,0,0,0
1.1287257671356201,,0,0,0,0,0
1.1386044025421143,,0,0,0,0,0
1.1486742496490479,,0,0,0,0,0
1.158644437789917,,0,0,0,0,0
1.1688003540039062,,0,0,0,0,0
1.178779125213623,,0,0,0,0,0
1.188596487045288,,0,0,0,0,0
1.1986193656921387,,0,0,0,0,0
1.2086410522460938,,0,0,0,0,0
1.2185909748077393,,0,0,0,0,0
1.228652000427246,,0,0,0,0,0
1.2385478019714355,,0,0,0,0,0
1.2486169338226318,,0,0,0,0,0
1.2588348388671875,,0,0,0,0,0
1.2687292098999023,,0,0,0,0,0
1.2786579132080078,,0,0,0,0,0
1.2890174388885498,,0,0,0,0,0
1.2984874248504639,,0,0,0,0,0
1.3084774017333984,,0,0,0,0,0
1.3186581134796143,,0,0,0,0,0
1.3286452293395996,,0,0,0,0,0
1.33864426612854,,0,0,0,0,0
1.3490712642669678,,0,0,0,0,0
1.358891487121582,,0,0,0,0,0
1.369157075881958,,0,0,0,0,0
1.3790125846862793,,0,0,0,0,0
1.3892364501953125,,0,0,0,0,0
1.399109125137329,,0,0,0,0,0
1.4086589813232422,,0,0,0,0,0
1.4189643859863281,,0,0,0,0,0
1.4289050102233887,,0,0,0,0,0
1.4390363693237305,,0,0,0,0,0
1.4495437145233154,,0,0,0,0,0
1.4588563442230225,,0,0,0,0,0
1.4690978527069092,,0,0,0,0,0
1.4789059162139893,,0,0,0,0,0
1.4888007640838623,,0,0,0,0,0
1.498805284500122,,0,0,0,0,0
1.5087838172912598,,0,0,0,0,0
1.5189168453216553,,0,0,0,0,0
1.5289182662963867,,0,0,0,0,0
1.538510799407959,,0,0,0,0,0
1.549095869064331,,0,0,0,0,0
1.558593511581421,,0,0,0,0,0
1.5687222480773926,,0,0,0,0,0
1.5788590908050537,,0,0,0,0,0
1.588773250579834,,0,0,0,0,0
1.5987331867218018,,0,0,0,0,0
1.608532428741455,,0,0,0,0,0
1.6188089847564697,,0,0,0,0,0
1.6288373470306396,,0,0,0,0,0
1.6390526294708252,,0,0,0,0,0
1.6488332748413086,,0,0,0,0,0
1.6587486267089844,,0,0,0,0,0
1.6689074039459229,,0,0,0,0,0
1.6789462566375732,,0,0,0,0,0
1.6887264251708984,,0,0,0,0,0
1.698728084564209,,0,0,0,0,0
1.7089745998382568,,0,0,0,0,0
1.719001054763794,,0,0,0,0,0
1.7292330265045166,,0,0,0,0,0
1.7390294075012207,,0,0,0,0,0
1.7490026950836182,,0,0,0,0,0
1.758918046951294,,0,0,0,0,0
1.7691426277160645,,0,0,0,0,0
1.7788889408111572,,0,0,0,0,0
1.7888784408569336,,0,0,0,0,0
1.7989859580993652,,0,0,0,0,0
1.8088815212249756,,0,0,0,0,0
1.8189239501953125,,0,0,0,0,0
1.8288688659667969,,0,0,0,0,0
1.8390092849731445,,0,0,0,0,0
1.8491792678833008,,0,0,0,0,0
1.858975887298584,,0,0,0,0,0
1.8687355518341064,,0,0,0,0,0
1.878769874572754,,0,0,0,0,0
1.8888869285583496,,0,0,0,0,0
1.8988399505615234,,0,0,0,0,0
1.9086942672729492,,0,0,0,0,0
1.9188158512115479,,0,0,0,0,0
1.9288957118988037,,0,0,0,0,0
1.9390645027160645,,0,0,0,0,0
1.9487595558166504,,0,0,0,0,0
1.9585092067718506,,0,0,0,0,0
1.9689860343933105,,0,0,0,0,0
1.9787492752075195,,0,0,0,0,0
1.9888567924499512,,0,0,0,0,0
1.9989736080169678,,0,0,0,0,0
2.008559226989746,,0,0,0,0,0
2.0188610553741455,,0,0,0,0,0
2.0290071964263916,,0,0,0,0,0
2.038857936859131,,0,0,0,0,0
2.0490872859954834,,0,0,0,0,0
2.058741569519043,,0,0,0,0,0
2.0688724517822266,,0,0,0,0,0
2.0788371562957764,,0,0,0,0,0
2.088951587677002,,0,0,0,0,0
2.0988917350769043,,0,0,0,0,0
2.108701229095459,,0,0,0,0,0
2.1192049980163574,,0,0,0,0,0
2.129383087158203,,0,0,0,0,0
2.138901948928833,,0,0,0,0,0
2.148888111114502,,0,0,0,0,0
2.158828020095825,,0,0,0,0,0
2.1690421104431152,,0,0,0,0,0
2.1789567470550537,,0,0,0,0,0
2.1892030239105225,,0,0,0,0,0
2.19913387298584,,0,0,0,0,0
2.2087583541870117,,0,0,0,0,0
2.2187561988830566,,0,0,0,0,0
2.228872060775757,,0,0,0,0,0
2.238861560821533,,0,0,0,0,0
2.2489874362945557,,0,0,0,0,0
2.2588446140289307,,0,0,0,0,0
2.2688112258911133,,0,0,0,0,0
2.278820514678955,,0,0,0,0,0
2.2885522842407227,,0,0,0,0,0
2.298609972000122,,0,0,0,0,0
2.3088040351867676,,0,0,0,0,0
2.3186841011047363,,0,0,0,0,0
2.3286571502685547,,0,0,0,0,0
2.3386807441711426,,0,0,0,0,0
2.3487777709960938,,0,0,0,0,0
2.3587372303009033,,0,0,0,0,0
2.3688719272613525,,0,0,0,0,0
2.3790738582611084,,0,0,0,0,0
2.388908863067627,,0,0,0,0,0
2.3989720344543457,,0,0,0,0,0
2.408931255340576,,0,0,0,0,0
2.418950319290161,,0,0,0,0,0
2.4290270805358887,,0,0,0,0,0
2.438814878463745,,0,0,0,0,0
2.448805809020996,,0,0,0,0,0
2.4586057662963867,,0,0,0,0,0
2.4686169624328613,,0,0,0,0,0
2.4787490367889404,,0,0,0,0,0
2.488884449005127,,0,0,0,0,0
2.4985921382904053,,0,0,0,0,0
2.508558988571167,,0,0,0,0,0
2.5186452865600586,,0,0,0,0,0
2.5287253856658936,,0,0,0,0,0
2.5385780334472656,,0,0,0,0,0
2.5486466884613037,,0,0,0,0,0
2.559295177459717,,0,0,0,0,0
2.5685665607452393,,0,0,0,0,0
2.578625440597534,,0,0,0,0,0
2.5889971256256104,,0,0,0,0,0
2.5988409519195557,,0,0,0,0,0
2.617219924926758,0.012278318405151367,1,0,0,0,1
2.618624210357666,0.01368260383605957,1,0,0,0,1
2.6286461353302,0.02370452880859375,1,0,0,0,1
2.638641357421875,0.033699750900268555,1,0,0,0,1
2.648799180984497,0.043857574462890625,1,0,0,0,1
2.658623218536377,0.05368161201477051,1,0,0,0,1
2.6687591075897217,0.06381750106811523,1,0,0,0,1
2.6785855293273926,0.07364392280578613,1,0,0,0,1
2.68881893157959,0.0838773250579834,1,0,0,0,1
2.6987218856811523,0.0937802791595459,1,0,0,0,1
2.708599090576172,0.10365748405456543,1,0,0,0,1
2.7187907695770264,0.11384916305541992,1,0,0,0,1
2.7287585735321045,0.12381696701049805,1,0,0,0,1
2.738910675048828,0.13396906852722168,1,0,0,0,1
2.7487406730651855,0.1437990665435791,1,0,0,0,1
2.7589187622070312,0.1539771556854248,1,0,0,0,1
2.76871395111084,0.1637723445892334,1,0,0,0,1
2.7788379192352295,0.17389631271362305,1,0,0,0,1
2.7888355255126953,0.18389391899108887,1,0,0,0,1
2.7988131046295166,0.19387149810791016,1,0,0,0,1
2.8087706565856934,0.20382905006408691,1,0,0,0,1
2.8192574977874756,0.21431589126586914,0,0,0,0,0
2.829103946685791,0.22416234016418457,0,0,0,0,0
2.8391127586364746,0.23417115211486816,0,0,0,0,0
2.849088430404663,0.24414682388305664,0,0,0,0,0
2.858705759048462,0.25376415252685547,0,0,0,0,0
2.868938446044922,0.26399683952331543,0,0,0,0,0
2.8787553310394287,0.27381372451782227,0,0,0,0,0
2.888892650604248,0.2839510440826416,0,0,0,0,0
2.8988497257232666,0.29390811920166016,0,0,0,0,0
2.908644437789917,0.30370283126831055,0,0,0,0,0
2.9189348220825195,0.3139932155609131,0,0,0,0,0
2.9288952350616455,0.32395362854003906,0,0,0,0,0
2.9389443397521973,0.3340027332305908,0,0,0,0,0
2.9488303661346436,0.3438887596130371,0,0,0,0,0
2.958679676055908,0.35373806953430176,0,0,0,0,0
2.9689157009124756,0.36397409439086914,0,0,0,0,0
2.978699207305908,0.37375760078430176,0,0,0,0,0
2.9889652729034424,0.38402366638183594,0,0,0,0,0
2.9988760948181152,0.3939344882965088,0,0,0,0,0
3.008963108062744,0.4040215015411377,0,0,0,0,0
3.0189626216888428,0.41402101516723633,0,0,0,0,0
3.0290229320526123,0.42408132553100586,0,0,0,0,0
3.0388808250427246,0.43393921852111816,0,0,0,0,0
3.0490169525146484,0.444075345993042,0,0,0,0,0
3.058520793914795,0.4535791873931885,0,0,0,0,0
3.0687975883483887,0.4638559818267822,0,0,0,0,0
3.0788631439208984,0.473921537399292,0,0,0,0,0
3.0891215801239014,0.4841799736022949,0,0,0,0,0
3.0989108085632324,0.493969202041626,0,0,0,0,0
3.1088268756866455,0.5038852691650391,0,0,0,0,0
3.118847131729126,0.5139055252075195,0,0,0,0,0
3.1287076473236084,0.523766040802002,0,0,0,0,0
3.138787031173706,0.5338454246520996,0,0,0,0,0
3.1488702297210693,0.5439286231994629,0,0,0,0,0
3.1586689949035645,0.553727388381958,0,0,0,0,0
3.1689915657043457,0.5640499591827393,0,0,0,0,0
3.179253578186035,0.5743119716644287,0,0,0,0,0
3.188781976699829,0.5838403701782227,0,0,0,0,0
3.1988885402679443,0.5939469337463379,0,0,0,0,0
3.2086594104766846,0.6037178039550781,0,0,0,0,0
3.2191479206085205,0.6142063140869141,0,0,0,0,0
3.2288336753845215,0.623892068862915,0,0,0,0,0
3.2387681007385254,0.633826494216919,0,0,0,0,0
3.248919725418091,0.6439781188964844,0,0,0,0,0
3.258733034133911,0.6537914276123047,0,0,0,0,0
3.2689592838287354,0.6640176773071289,0,0,0,0,0
3.2790138721466064,0.674072265625,0,0,0,0,0
3.2888190746307373,0.6838774681091309,0,0,0,0,0
3.2989394664764404,0.693997859954834,0,0,0,0,0
3.3087010383605957,0.7037594318389893,0,0,0,0,0
3.318910837173462,0.7139692306518555,0,0,0,0,0
3.3289475440979004,0.724005937576294,0,0,0,0,0
3.3390181064605713,0.7340764999389648,0,0,0,0,0
3.349029064178467,0.7440874576568604,0,0,0,0,0
3.358576536178589,0.7536349296569824,0,0,0,0,0
3.3689403533935547,0.7639987468719482,0,0,0,0,0
3.37864089012146,0.7736992835998535,0,0,0,0,0
3.388693332672119,0.7837517261505127,0,0,0,0,0
3.3988497257232666,0.7939081192016602,0,0,0,0,0
3.408677339553833,0.8037357330322266,0,0,0,0,0
3.4188082218170166,0.8138666152954102,0,0,0,0,0
3.4288320541381836,0.8238904476165771,0,0,0,0,0
3.438730239868164,0.8337886333465576,0,0,0,0,0
3.448812961578369,0.8438713550567627,0,0,0,0,0
3.4587700366973877,0.8538284301757812,0,0,0,0,0
3.4687390327453613,0.8637974262237549,0,0,0,0,0
3.4785056114196777,0.8735640048980713,0,0,0,0,0
3.4888672828674316,0.8839256763458252,0,0,0,0,0
3.4987776279449463,0.8938360214233398,0,0,0,0,0
3.508762836456299,0.9038212299346924,0,0,0,0,0
3.518803596496582,0.9138619899749756,0,0,0,0,0
3.528738498687744,0.9237968921661377,0,0,0,0,0
3.5388760566711426,0.9339344501495361,0,0,0,0,0
3.5490822792053223,0.9441406726837158,0,0,0,0,0
3.5587856769561768,0.9538440704345703,0,0,0,0,0
3.568957805633545,0.9640161991119385,0,0,0,0,0
3.5786774158477783,0.9737358093261719,0,0,0,0,0
3.5888376235961914,0.983896017074585,0,0,0,0,0
3.5987725257873535,0.9938309192657471,0,0,0,0,0
3.6086366176605225,1.003695011138916,0,0,0,0,0
3.6186113357543945,1.013669729232788,0,0,0,0,0
3.6287779808044434,1.023836374282837,0,0,0,0,0
3.6386067867279053,1.0336651802062988,0,0,0,0,0
3.648780107498169,1.0438385009765625,0,0,0,0,0
3.658851385116577,1.0539097785949707,0,0,0,0,0
3.6687796115875244,1.063838005065918,0,0,0,0,0
3.6787328720092773,1.073791265487671,0,0,0,0,0
3.688498020172119,1.0835564136505127,0,0,0,0,0
3.6987040042877197,1.0937623977661133,0,0,0,0,0
3.7087409496307373,1.1037993431091309,0,0,0,0,0
3.718858242034912,1.1139166355133057,0,0,0,0,0
3.7287557125091553,1.1238141059875488,0,0,0,0,0
3.738698959350586,1.1337573528289795,0,0,0,0,0
3.74886417388916,1.1439225673675537,0,0,0,0,0
3.758543014526367,1.1536014080047607,0,0,0,0,0
3.768826484680176,1.1638848781585693,0,0,0,0,0
3.778747797012329,1.1738061904907227,0,0,0,0,0
3.7887349128723145,1.183793306350708,0,0,0,0,0
3.7988522052764893,1.1939105987548828,0,0,0,0,0
3.808626174926758,1.2036845684051514,0,0,0,0,0
3.818847179412842,1.2139055728912354,0,0,0,0,0
3.8287277221679688,1.2237861156463623,0,0,0,0,0
3.8387908935546875,1.233849287033081,0,0,0,0,0
3.8488409519195557,1.2438993453979492,0,0,0,0,0
3.8585195541381836,1.2535779476165771,0,0,0,0,0
3.868891477584839,1.2639498710632324,0,0,0,0,0
3.878981828689575,1.2740402221679688,0,0,0,0,0
3.8886806964874268,1.2837390899658203,0,0,0,0,0
3.8988544940948486,1.2939128875732422,0,0,0,0,0
3.908745288848877,1.3038036823272705,0,0,0,0,0
3.9188756942749023,1.313934087753296,0,0,0,0,0
3.9289212226867676,1.3239796161651611,0,0,0,0,0
3.938878297805786,1.3339366912841797,0,0,0,0,0
3.9488868713378906,1.3439452648162842,0,0,0,0,0
3.9584991931915283,1.3535575866699219,0,0,0,0,0
3.9688212871551514,1.363879680633545,0,0,0,0,0
3.9787750244140625,1.373833417892456,0,0,0,0,0
3.988642454147339,1.3837008476257324,0,0,0,0,0
3.9990062713623047,1.3940646648406982,0,0,0,0,0
4.008592128753662,1.4036505222320557,0,0,0,0,0
4.018848657608032,1.4139070510864258,0,0,0,0,0
4.028753757476807,1.4238121509552002,0,0,0,0,0
4.038724899291992,1.4337832927703857,0,0,0,0,0
4.048732757568359,1.443791151046753,0,0,0,0,0
4.058630704879761,1.4536890983581543,0,0,0,0,0
4.0686726570129395,1.463731050491333,0,0,0,0,0
4.079002857208252,1.4740612506866455,0,0,0,0,0
4.089141607284546,1.4842000007629395,0,0,0,0,0
4.098875522613525,1.493933916091919,0,0,0,0,0
4.108920097351074,1.5039784908294678,0,0,0,0,0
4.118931770324707,1.5139901638031006,0,0,0,0,0
4.128723859786987,1.5237822532653809,0,0,0,0,0
4.138639211654663,1.5336976051330566,0,0,0,0,0
4.148757457733154,1.5438158512115479,0,0,0,0,0
4.158654451370239,1.5537128448486328,0,0,0,0,0
4.168881416320801,1.5639398097991943,0,0,0,0,0
4.178761720657349,1.5738201141357422,0,0,0,0,0
4.188647985458374,1.5837063789367676,0,0,0,0,0
4.198833465576172,1.5938918590545654,0,0,0,0,0
4.208683252334595,1.6037416458129883,0,0,0,0,0
4.2187511920928955,1.613809585571289,0,0,0,0,0
4.228858232498169,1.6239166259765625,0,0,0,0,0
4.2387166023254395,1.633774995803833,0,0,0,0,0
4.248849153518677,1.6439075469970703,0,0,0,0,0
4.258658170700073,1.6537165641784668,0,0,0,0,0
4.268808603286743,1.6638669967651367,0,0,0,0,0
4.2787370681762695,1.673795461654663,0,0,0,0,0
4.288666009902954,1.6837244033813477,0,0,0,0,0
4.298616886138916,1.6936752796173096,0,0,0,0,0
4.30867862701416,1.7037370204925537,0,0,0,0,0
4.318746328353882,1.7138047218322754,0,0,0,0,0
4.328930377960205,1.7239887714385986,0,0,0,0,0
4.338715314865112,1.7337737083435059,0,0,0,0,0
4.349087715148926,1.7441461086273193,0,0,0,0,0
4.358694553375244,1.7537529468536377,0,0,0,0,0
4.368909597396851,1.7639679908752441,0,0,0,0,0
4.379008769989014,1.7740671634674072,0,0,0,0,0
4.388794660568237,1.7838530540466309,0,0,0,0,0
4.398875951766968,1.7939343452453613,0,0,0,0,0
4.40872597694397,1.8037843704223633,0,0,0,0,0
4.418861150741577,1.8139195442199707,0,0,0,0,0
4.429081916809082,1.8241403102874756,0,0,0,0,0
4.438838005065918,1.8338963985443115,0,0,0,0,0
4.449054718017578,1.8441131114959717,0,0,0,0,0
4.458554983139038,1.8536133766174316,0,0,0,0,0
4.46882700920105,1.8638854026794434,0,0,0,0,0
4.478904962539673,1.8739633560180664,0,0,0,0,0
4.4888505935668945,1.883908987045288,0,0,0,0,0
4.498805999755859,1.893864393234253,0,0,0,0,0
4.5085837841033936,1.903642177581787,0,0,0,0,0
4.518673658370972,1.9137320518493652,0,0,0,0,0
4.528549671173096,1.9236080646514893,0,0,0,0,0
4.538527488708496,1.9335858821868896,0,0,0,0,0
4.548522233963013,1.9435806274414062,0,0,0,0,0
4.558622598648071,1.9536809921264648,0,0,0,0,0
4.568449974060059,1.9635083675384521,0,0,0,0,0
4.578725814819336,1.9737842082977295,0,0,0,0,0
4.588559865951538,1.9836182594299316,0,0,0,0,0
4.5988054275512695,1.993863821029663,0,0,0,0,0
4.608609914779663,2.0036683082580566,0,0,0,0,0
4.6188483238220215,2.013906717300415,0,0,0,0,0
4.628766059875488,2.023824453353882,0,0,0,0,0
4.638708829879761,2.0337672233581543,0,0,0,0,0
4.648681163787842,2.0437395572662354,0,0,0,0,0
4.658591032028198,2.053649425506592,0,0,0,0,0
4.668627023696899,2.063685417175293,0,0,0,0,0
4.678743124008179,2.0738015174865723,0,0,0,0,0
4.688646554946899,2.083704948425293,0,0,0,0,0
4.698657989501953,2.0937163829803467,0,0,0,0,0
4.7086403369903564,2.10369873046875,0,0,0,0,0
4.718855619430542,2.1139140129089355,0,0,0,0,0
4.7286224365234375,2.123680830001831,0,0,0,0,0
4.738732099533081,2.1337904930114746,0,0,0,0,0
4.74882960319519,2.143887996673584,0,0,0,0,0
4.758634805679321,2.153693199157715,0,0,0,0,0
4.768653631210327,2.1637120246887207,0,0,0,0,0
4.778787612915039,2.1738460063934326,0,0,0,0,0
4.788872003555298,2.1839303970336914,0,0,0,0,0
4.798763036727905,2.193821430206299,0,0,0,0,0
4.808714866638184,2.203773260116577,0,0,0,0,0
4.818927526473999,2.2139859199523926,0,0,0,0,0
4.828872442245483,2.223930835723877,0,0,0,0,0
4.838872671127319,2.233931064605713,0,0,0,0,0
4.848862886428833,2.2439212799072266,0,0,0,0,0
4.858429670333862,2.253488063812256,0,0,0,0,0
4.869011878967285,2.2640702724456787,0,0,0,0,0
4.878885984420776,2.27394437789917,0,0,0,0,0
4.888745307922363,2.283803701400757,0,0,0,0,0
4.8986711502075195,2.293729543685913,0,0,0,0,0
4.908586502075195,2.303644895553589,0,0,0,0,0
4.91894006729126,2.3139984607696533,0,0,0,0,0
4.928817987442017,2.32387638092041,0,0,0,0,0
4.938789129257202,2.3338475227355957,0,0,0,0,0
4.948845863342285,2.3439042568206787,0,0,0,0,0
4.95846962928772,2.3535280227661133,0,0,0,0,0
4.968898773193359,2.363957166671753,0,0,0,0,0
4.978842496871948,2.373900890350342,0,0,0,0,0
4.988765001296997,2.3838233947753906,0,0,0,0,0
4.998888254165649,2.393946647644043,0,0,0,0,0
5.008628606796265,2.403687000274658,0,0,0,0,0
5.0188703536987305,2.413928747177124,0,0,0,0,0
5.0288684368133545,2.423926830291748,0,0,0,0,0
5.038583517074585,2.4336419105529785,0,0,0,0,0
5.049020051956177,2.4440784454345703,0,0,0,0,0
5.058533430099487,2.453591823577881,0,0,0,0,0
5.068788290023804,2.4638466835021973,0,0,0,0,0
5.078784704208374,2.4738430976867676,0,0,0,0,0
5.088895082473755,2.4839534759521484,0,0,0,0,0
5.098855972290039,2.4939143657684326,0,0,0,0,0
5.108696222305298,2.5037546157836914,0,0,0,0,0
5.119056224822998,2.5141146183013916,0,0,0,0,0
5.1288886070251465,2.52394700050354,0,0,0,0,0
5.138667106628418,2.5337255001068115,0,0,0,0,0
5.1487367153167725,2.543795108795166,0,0,0,0,0
5.158618688583374,2.5536770820617676,0,0,0,0,0
5.168915748596191,2.563974142074585,0,0,0,0,0
5.178874492645264,2.5739328861236572,0,0,0,0,0
5.188830137252808,2.583888530731201,0,0,0,0,0
5.198853492736816,2.59391188621521,0,0,0,0,0
5.20887017250061,2.603928565979004,0,0,0,0,0
5.2188498973846436,2.613908290863037,0,0,0,0,0
5.22878360748291,2.6238420009613037,0,0,0,0,0
5.238866806030273,2.633925199508667,0,0,0,0,0
5.249114036560059,2.644172430038452,0,0,0,0,0
5.258559465408325,2.6536178588867188,0,0,0,0,0
5.268953084945679,2.6640114784240723,0,0,0,0,0
5.278759241104126,2.6738176345825195,0,0,0,0,0
5.288863658905029,2.683922052383423,0,0,0,0,0
5.298831939697266,2.693890333175659,0,0,0,0,0
5.30851674079895,2.7035751342773438,0,0,0,0,0
5.318822145462036,2.7138805389404297,0,0,0,0,0
5.328679323196411,2.7237377166748047,0,0,0,0,0
5.338651657104492,2.7337100505828857,0,0,0,0,0
5.349018812179565,2.744077205657959,0,0,0,0,0
5.359336853027344,2.7543952465057373,0,0,0,0,0
5.368796110153198,2.763854503631592,0,0,0,0,0
5.37885046005249,2.773908853530884,0,0,0,0,0
5.38862943649292,2.7836878299713135,0,0,0,0,0
5.39897608757019,2.794034481048584,0,0,0,0,0
5.408559083938599,2.803617477416992,0,0,0,0,0
5.418955564498901,2.814013957977295,0,0,0,0,0
5.428833961486816,2.82389235496521,0,0,0,0,0
5.438845634460449,2.8339040279388428,0,0,0,0,0
5.448961019515991,2.8440194129943848,0,0,0,0,0
5.458672046661377,2.8537304401397705,0,0,0,0,0
5.468885183334351,2.863943576812744,0,0,0,0,0
5.478859901428223,2.873918294906616,0,0,0,0,0
5.488820314407349,2.883878707885742,0,0,0,0,0
5.498840808868408,2.8938992023468018,0,0,0,0,0
5.508668661117554,2.9037270545959473,0,0,0,0,0
5.518852233886719,2.9139106273651123,0,0,0,0,0
5.528894424438477,2.92395281791687,0,0,0,0,0
5.538893222808838,2.9339516162872314,0,0,0,0,0
5.5488317012786865,2.94389009475708,0,0,0,0,0
5.5586278438568115,2.953686237335205,0,0,0,0,0
5.568893909454346,2.9639523029327393,0,0,0,0,0
5.57861065864563,2.9736690521240234,0,0,0,0,0
5.588728666305542,2.9837870597839355,0,0,0,0,0
5.598907232284546,2.9939656257629395,0,0,0,0,0
5.608467102050781,3.003525495529175,0,0,0,0,0
5.618700742721558,3.013759136199951,0,0,0,0,0
5.628650903701782,3.023709297180176,0,0,0,0,0
5.638592720031738,3.033651113510132,0,0,0,0,0
5.648708820343018,3.043767213821411,0,0,0,0,0
5.658617734909058,3.053676128387451,0,0,0,0,0
5.669021368026733,3.064079761505127,0,0,0,0,0
5.678640604019165,3.0736989974975586,0,0,0,0,0
5.688786029815674,3.0838444232940674,0,0,0,0,0
5.698707818984985,3.093766212463379,0,0,0,0,0
5.708699941635132,3.1037583351135254,0,0,0,0,0
5.719022989273071,3.114081382751465,0,0,0,0,0
5.729028940200806,3.124087333679199,0,0,0,0,0
5.738770484924316,3.13382887840271,0,0,0,0,0
5.748871088027954,3.1439294815063477,0,0,0,0,0
5.758568048477173,3.1536264419555664,0,0,0,0,0
5.768995523452759,3.1640539169311523,0,0,0,0,0
5.778872013092041,3.1739304065704346,0,0,0,0,0
5.7887678146362305,3.183826208114624,0,0,0,0,0
5.798876047134399,3.193934440612793,0,0,0,0,0
5.808619976043701,3.2036783695220947,0,0,0,0,0
5.818857192993164,3.2139155864715576,0,0,0,0,0
5.8288633823394775,3.223921775817871,0,0,0,0,0
5.838722467422485,3.233780860900879,0,0,0,0,0
5.848917245864868,3.2439756393432617,0,0,0,0,0
5.858489751815796,3.2535481452941895,0,0,0,0,0
5.868807315826416,3.2638657093048096,0,0,0,0,0
5.878713846206665,3.2737722396850586,0,0,0,0,0
5.888752222061157,3.283810615539551,0,0,0,0,0
5.898870944976807,3.2939293384552,0,0,0,0,0
5.908498287200928,3.3035566806793213,0,0,0,0,0
5.9189019203186035,3.313960313796997,0,0,0,0,0
5.928820848464966,3.3238792419433594,0,0,0,0,0
5.938756465911865,3.333814859390259,0,0,0,0,0
5.948812246322632,3.3438706398010254,0,0,0,0,0
5.958540439605713,3.3535988330841064,0,0,0,0,0
5.968913316726685,3.363971710205078,0,0,0,0,0
5.97870659828186,3.373764991760254,0,0,0,0,0
5.988698959350586,3.3837573528289795,0,0,0,0,0
5.9989173412323,3.3939757347106934,0,0,0,0,0
6.008620977401733,3.403679370880127,0,0,0,0,0
6.018880605697632,3.4139389991760254,0,0,0,0,0
6.028979301452637,3.4240376949310303,0,0,0,0,0
6.038731098175049,3.4337894916534424,0,0,0,0,0
6.048863172531128,3.4439215660095215,0,0,0,0,0
6.058529615402222,3.4535880088806152,0,0,0,0,0
6.06850528717041,3.4635636806488037,0,0,0,0,0
6.078709840774536,3.4737682342529297,0,0,0,0,0
6.08881402015686,3.483872413635254,0,0,0,0,0
6.0987770557403564,3.49383544921875,0,0,0,0,0
6.108657360076904,3.503715753555298,0,0,0,0,0
6.118946552276611,3.514004945755005,0,0,0,0,0
6.129145860671997,3.5242042541503906,0,0,0,0,0
6.138942241668701,3.5340006351470947,0,0,0,0,0
6.148849010467529,3.543907403945923,0,0,0,0,0
6.158461809158325,3.5535202026367188,0,0,0,0,0
6.168639659881592,3.5636980533599854,0,0,0,0,0
6.178629636764526,3.57368803024292,0,0,0,0,0
6.188735008239746,3.5837934017181396,0,0,0,0,0
6.1986613273620605,3.593719720840454,0,0,0,0,0
6.208855390548706,3.6039137840270996,0,0,0,0,0
6.219073534011841,3.6141319274902344,0,0,0,0,0
6.228784561157227,3.62384295463562,0,0,0,0,0
6.238809823989868,3.6338682174682617,0,0,0,0,0
6.248773574829102,3.643831968307495,0,0,0,0,0
6.258563041687012,3.6536214351654053,0,0,0,0,0
6.268635988235474,3.663694381713867,0,0,0,0,0
6.27890419960022,3.6739625930786133,0,0,0,0,0
6.28901743888855,3.6840758323669434,0,0,0,0,0
6.2987072467803955,3.693765640258789,0,0,0,0,0
6.308828353881836,3.7038867473602295,0,0,0,0,0
6.318845987319946,3.71390438079834,0,0,0,0,0
6.328855276107788,3.7239136695861816,0,0,0,0,0
6.338716745376587,3.7337751388549805,0,0,0,0,0
6.348680257797241,3.7437386512756348,0,0,0,0,0
6.358701944351196,3.75376033782959,0,0,0,0,0
6.368645191192627,3.7637035846710205,0,0,0,0,0
6.378756523132324,3.7738149166107178,0,0,0,0,0
6.388727903366089,3.7837862968444824,0,0,0,0,0
6.39871883392334,3.7937772274017334,0,0,0,0,0
6.408544301986694,3.803602695465088,0,0,0,0,0
6.418736219406128,3.8137946128845215,0,0,0,0,0
6.4286768436431885,3.823735237121582,0,0,0,0,0
6.438904762268066,3.83396315574646,0,0,0,0,0
6.448715925216675,3.8437743186950684,0,0,0,0,0
6.458439826965332,3.8534982204437256,0,0,0,0,0
6.468823432922363,3.863881826400757,0,0,0,0,0
6.4786012172698975,3.873659610748291,0,0,0,0,0
6.488845348358154,3.883903741836548,0,0,0,0,0
6.498827934265137,3.8938863277435303,0,0,0,0,0
6.508595705032349,3.903654098510742,0,0,0,0,0
6.518644332885742,3.9137027263641357,0,0,0,0,0
6.528745174407959,3.9238035678863525,0,0,0,0,0
6.538676023483276,3.93373441696167,0,0,0,0,0
6.5487425327301025,3.943800926208496,0,0,0,0,0
6.5587379932403564,3.95379638671875,0,0,0,0,0
6.568963050842285,3.9640214443206787,0,0,0,0,0
6.578625440597534,3.9736838340759277,0,0,0,0,0
6.588660717010498,3.9837191104888916,0,0,0,0,0
6.5986573696136475,3.993715763092041,0,0,0,0,0
6.608566761016846,4.003625154495239,0,0,0,0,0
6.619009017944336,4.0140674114227295,0,0,0,0,0
6.628601789474487,4.023660182952881,0,0,0,0,0
6.63858437538147,4.033642768859863,0,0,0,0,0
6.648657560348511,4.043715953826904,0,0,0,0,0
6.65861439704895,4.053672790527344,0,0,0,0,0
6.668962717056274,4.064021110534668,0,0,0,0,0
6.678795099258423,4.073853492736816,0,0,0,0,0
6.6890482902526855,4.084106683731079,0,0,0,0,0
6.6988232135772705,4.093881607055664,0,0,0,0,0
6.708596229553223,4.103654623031616,0,0,0,0,0
6.7187111377716064,4.11376953125,0,0,0,0,0
6.728577613830566,4.12363600730896,0,0,0,0,0
6.738715648651123,4.133774042129517,0,0,0,0,0
6.748919725418091,4.143978118896484,0,0,0,0,0
6.758826732635498,4.153885126113892,0,0,0,0,0
6.768728017807007,4.1637864112854,0,0,0,0,0
6.7786338329315186,4.173692226409912,0,0,0,0,0
6.788697957992554,4.183756351470947,0,0,0,0,0
6.798673152923584,4.1937315464019775,0,0,0,0,0
6.808732032775879,4.2037904262542725,0,0,0,0,0
6.818708419799805,4.213766813278198,0,0,0,0,0
6.828675746917725,4.223734140396118,0,0,0,0,0
6.838671684265137,4.23373007774353,0,0,0,0,0
6.848716974258423,4.243775367736816,0,0,0,0,0
6.8587446212768555,4.253803014755249,0,0,0,0,0
6.868657112121582,4.263715505599976,0,0,0,0,0
6.878865718841553,4.273924112319946,0,0,0,0,0
6.888667106628418,4.2837255001068115,0,0,0,0,0
6.898762941360474,4.293821334838867,0,0,0,0,0
6.908872127532959,4.3039305210113525,0,0,0,0,0
6.918743371963501,4.3138017654418945,0,0,0,0,0
6.928786754608154,4.323845148086548,0,0,0,0,0
6.93893575668335,4.333994150161743,0,0,0,0,0
6.948707818984985,4.343766212463379,0,0,0,0,0
6.958696365356445,4.353754758834839,0,0,0,0,0
6.968542575836182,4.363600969314575,0,0,0,0,0
6.978652477264404,4.373710870742798,0,0,0,0,0
6.988635540008545,4.3836939334869385,0,0,0,0,0
6.998522043228149,4.393580436706543,0,0,0,0,0
7.008591175079346,4.403649568557739,0,0,0,0,0
7.018648147583008,4.413706541061401,0,0,0,0,0
7.028640508651733,4.423698902130127,0,0,0,0,0
7.038586854934692,4.433645248413086,0,0,0,0,0
7.048637628555298,4.443696022033691,0,0,0,0,0
7.058738946914673,4.453797340393066,0,0,0,0,0
7.068741798400879,4.4638001918792725,0,0,0,0,0
7.078671216964722,4.473729610443115,0,0,0,0,0
7.088665962219238,4.483724355697632,0,0,0,0,0
7.098834991455078,4.493893384933472,0,0,0,0,0
7.108727216720581,4.503785610198975,0,0,0,0,0
7.118791341781616,4.51384973526001,0,0,0,0,0
7.128528356552124,4.523586750030518,0,0,0,0,0
7.138725280761719,4.533783674240112,0,0,0,0,0
7.148606300354004,4.5436646938323975,0,0,0,0,0
7.15860390663147,4.553662300109863,0,0,0,0,0
7.1687397956848145,4.563798189163208,0,0,0,0,0
7.178779125213623,4.573837518692017,0,0,0,0,0
7.188677787780762,4.583736181259155,0,0,0,0,0
7.198766708374023,4.593825101852417,0,0,0,0,0
7.208639860153198,4.603698253631592,0,0,0,0,0
7.218804121017456,4.61386251449585,0,0,0,0,0
7.228751182556152,4.623809576034546,0,0,0,0,0
7.238690614700317,4.633749008178711,0,0,0,0,0
7.248860597610474,4.643918991088867,0,0,0,0,0
7.258647203445435,4.653705596923828,0,0,0,0,0
7.268651723861694,4.663710117340088,0,0,0,0,0
7.278521537780762,4.673579931259155,0,0,0,0,0
7.288782596588135,4.683840990066528,0,0,0,0,0
7.298762321472168,4.6938207149505615,0,0,0,0,0
7.308489799499512,4.703548192977905,0,0,0,0,0
7.318771123886108,4.713829517364502,0,0,0,0,0
7.328852891921997,4.723911285400391,0,0,0,0,0
7.338608503341675,4.733666896820068,0,0,0,0,0
7.348927736282349,4.743986129760742,0,0,0,0,0
7.358625411987305,4.753683805465698,0,0,0,0,0
7.368792772293091,4.763851165771484,0,0,0,0,0
7.378844976425171,4.7739033699035645,0,0,0,0,0
7.388750076293945,4.783808469772339,0,0,0,0,0
7.3990819454193115,4.794140338897705,0,0,0,0,0
7.408772230148315,4.803830623626709,0,0,0,0,0
7.4187562465667725,4.813814640045166,0,0,0,0,0
7.428810358047485,4.823868751525879,0,0,0,0,0
7.438729524612427,4.83378791809082,0,0,0,0,0
7.448720216751099,4.843778610229492,0,0,0,0,0
7.458621025085449,4.853679418563843,0,0,0,0,0
7.468678951263428,4.863737344741821,0,0,0,0,0
7.478864431381226,4.873922824859619,0,0,0,0,0
7.4891345500946045,4.884192943572998,0,0,0,0,0
7.498924970626831,4.893983364105225,0,0,0,0,0
7.508822202682495,4.903880596160889,0,0,0,0,0
7.51885461807251,4.913913011550903,0,0,0,0,0
7.528959274291992,4.924017667770386,0,0,0,0,0
7.538674831390381,4.933733224868774,0,0,0,0,0
7.548645973205566,4.94370436668396,0,0,0,0,0
7.5584282875061035,4.953486680984497,0,0,0,0,0
7.568615198135376,4.9636735916137695,0,0,0,0,0
7.578749418258667,4.9738078117370605,0,0,0,0,0
7.588620662689209,4.9836790561676025,0,0,0,0,0
7.598656415939331,4.993714809417725,0,0,0,0,0
7.608526229858398,5.003584623336792,0,0,0,0,0
7.619063138961792,5.0141215324401855,0,0,0,0,0
7.628810882568359,5.023869276046753,0,0,0,0,0
7.6390461921691895,5.034104585647583,0,0,0,0,0
7.648739576339722,5.043797969818115,0,0,0,0,0
7.65843939781189,5.053497791290283,0,0,0,0,0
7.668842792510986,5.06390118598938,0,0,0,0,0
7.6787004470825195,5.073758840560913,0,0,0,0,0
7.688802242279053,5.083860635757446,0,0,0,0,0
7.698747634887695,5.093806028366089,0,0,0,0,0
7.708656311035156,5.10371470451355,0,0,0,0,0
7.7187769412994385,5.113835334777832,0,0,0,0,0
7.728594779968262,5.123653173446655,0,0,0,0,0
7.7387471199035645,5.133805513381958,0,0,0,0,0
7.748891353607178,5.143949747085571,0,0,0,0,0
7.758790731430054,5.153849124908447,0,0,0,0,0
7.768678188323975,5.163736581802368,0,0,0,0,0
7.778887510299683,5.173945903778076,0,0,0,0,0
7.788869380950928,5.183927774429321,0,0,0,0,0
7.7988364696502686,5.193894863128662,0,0,0,0,0
7.8085856437683105,5.203644037246704,0,0,0,0,0
7.818991184234619,5.214049577713013,0,0,0,0,0
7.8287200927734375,5.223778486251831,0,0,0,0,0
7.8388590812683105,5.233917474746704,0,0,0,0,0
7.849061012268066,5.24411940574646,0,0,0,0,0
7.858487367630005,5.253545761108398,0,0,0,0,0
7.868792772293091,5.263851165771484,0,0,0,0,0
7.878815174102783,5.273873567581177,0,0,0,0,0
7.888670206069946,5.28372859954834,0,0,0,0,0
7.898845672607422,5.293904066085815,0,0,0,0,0
7.9088335037231445,5.303891897201538,0,0,0,0,0
7.919389724731445,5.314448118209839,0,0,0,0,0
7.928901433944702,5.323959827423096,0,0,0,0,0
7.938835620880127,5.3338940143585205,0,0,0,0,0
7.9488561153411865,5.34391450881958,0,0,0,0,0
7.958605051040649,5.353663444519043,0,0,0,0,0
7.9687819480896,5.363840341567993,0,0,0,0,0
7.978755235671997,5.373813629150391,0,0,0,0,0
7.9887754917144775,5.383833885192871,0,0,0,0,0
7.998970031738281,5.394028425216675,0,0,0,0,0
8.008785247802734,5.403843641281128,0,0,0,0,0
8.018973112106323,5.414031505584717,0,0,0,0,0
8.028763771057129,5.4238221645355225,0,0,0,0,0
8.038827896118164,5.433886289596558,0,0,0,0,0
8.048783540725708,5.443841934204102,0,0,0,0,0
8.058579206466675,5.453637599945068,0,0,0,0,0
8.068791389465332,5.463849782943726,0,0,0,0,0
8.078666687011719,5.473725080490112,0,0,0,0,0
8.088741302490234,5.483799695968628,0,0,0,0,0
8.098791360855103,5.493849754333496,0,0,0,0,0
8.108818531036377,5.5038769245147705,0,0,0,0,0
8.118897438049316,5.51395583152771,0,0,0,0,0
8.128913640975952,5.523972034454346,0,0,0,0,0
8.139065980911255,5.534124374389648,0,0,0,0,0
8.14927887916565,5.544337272644043,0,0,0,0,0
8.159231662750244,5.554290056228638,0,0,0,0,0
8.169116735458374,5.564175128936768,0,0,0,0,0
8.178796529769897,5.573854923248291,0,0,0,0,0
8.188770771026611,5.583829164505005,0,0,0,0,0
8.199204921722412,5.594263315200806,0,0,0,0,0
8.209309577941895,5.604367971420288,0,0,0,0,0
8.21878957748413,5.613847970962524,0,0,0,0,0
8.228754997253418,5.6238133907318115,0,0,0,0,0
8.238712072372437,5.63377046585083,0,0,0,0,0
8.248934745788574,5.643993139266968,0,0,0,0,0
8.258830070495605,5.653888463973999,0,0,0,0,0
8.268786430358887,5.66384482383728,0,0,0,0,0
8.278657674789429,5.673716068267822,0,0,0,0,0
8.28862738609314,5.683685779571533,0,0,0,0,0
8.29892873764038,5.693987131118774,0,0,0,0,0
8.308989524841309,5.704047918319702,0,0,0,0,0
8.3189697265625,5.7140281200408936,0,0,0,0,0
8.328820705413818,5.723879098892212,0,0,0,0,0
8.33897352218628,5.734031915664673,0,0,0,0,0
8.348552227020264,5.743610620498657,0,0,0,0,0
8.358465671539307,5.7535240650177,0,0,0,0,0
8.36852216720581,5.763580560684204,0,0,0,0,0
8.378756999969482,5.773815393447876,0,0,0,0,0
8.388628005981445,5.783686399459839,0,0,0,0,0
8.398648023605347,5.79370641708374,0,0,0,0,0
8.408673286437988,5.803731679916382,0,0,0,0,0
8.418560981750488,5.813619375228882,0,0,0,0,0
8.428794622421265,5.823853015899658,0,0,0,0,0
8.438786268234253,5.8338446617126465,0,0,0,0,0
8.448641061782837,5.8436994552612305,0,0,0,0,0
8.458609104156494,5.853667497634888,0,0,0,0,0
8.468705177307129,5.8637635707855225,0,0,0,0,0
8.47873830795288,5.873796701431274,0,0,0,0,0
8.488696098327637,5.88375449180603,0,0,0,0,0
8.498720645904541,5.893779039382935,0,0,0,0,0
8.508599758148193,5.903658151626587,0,0,0,0,0
8.51859974861145,5.913658142089844,0,0,0,0,0
8.528780937194824,5.923839330673218,0,0,0,0,0
8.538632869720459,5.9336912631988525,0,0,0,0,0
8.548655271530151,5.943713665008545,0,0,0,0,0
8.558526754379272,5.953585147857666,0,0,0,0,0
8.56868600845337,5.963744401931763,0,0,0,0,0
8.578832864761353,5.973891258239746,0,0,0,0,0
8.58882212638855,5.983880519866943,0,0,0,0,0
8.598898887634277,5.993957281112671,0,0,0,0,0
8.608660221099854,6.003718614578247,0,0,0,0,0
8.61895227432251,6.014010667800903,0,0,0,0,0
8.629018068313599,6.024076461791992,0,0,0,0,0
8.638871908187866,6.03393030166626,0,0,0,0,0
8.64889407157898,6.043952465057373,0,0,0,0,0
8.658461570739746,6.05351996421814,0,0,0,0,0
8.668965578079224,6.064023971557617,0,0,0,0,0
8.678750038146973,6.073808431625366,0,0,0,0,0
8.688914060592651,6.083972454071045,0,0,0,0,0
8.698656797409058,6.093715190887451,0,0,0,0,0
8.708536148071289,6.103594541549683,0,0,0,0,0
8.718681573867798,6.113739967346191,0,0,0,0,0
8.728513956069946,6.12357234954834,0,0,0,0,0
8.738600492477417,6.1336588859558105,0,0,0,0,0
8.748717784881592,6.143776178359985,0,0,0,0,0
8.758471012115479,6.153529405593872,0,0,0,0,0
8.768599510192871,6.163657903671265,0,0,0,0,0
8.778546571731567,6.173604965209961,0,0,0,0,0
8.788776636123657,6.183835029602051,0,0,0,0,0
8.79885196685791,6.193910360336304,0,0,0,0,0
8.808669805526733,6.203728199005127,0,0,0,0,0
8.818941116333008,6.213999509811401,0,0,0,0,0
8.828856468200684,6.223914861679077,0,0,0,0,0
8.83865475654602,6.233713150024414,0,0,0,0,0
8.848943948745728,6.244002342224121,0,0,0,0,0
8.858435869216919,6.2534942626953125,0,0,0,0,0
8.868802785873413,6.263861179351807,0,0,0,0,0
8.878605127334595,6.273663520812988,0,0,0,0,0
8.888866186141968,6.283924579620361,0,0,0,0,0
8.89881181716919,6.293870210647583,0,0,0,0,0
8.908492088317871,6.303550481796265,0,0,0,0,0
8.918751239776611,6.313809633255005,0,0,0,0,0
8.928666114807129,6.3237245082855225,0,0,0,0,0
8.938731908798218,6.333790302276611,0,0,0,0,0
8.948584794998169,6.3436431884765625,0,0,0,0,0
8.958394765853882,6.353453159332275,0,0,0,0,0
8.96857762336731,6.363636016845703,0,0,0,0,0
8.978559970855713,6.3736183643341064,0,0,0,0,0
8.988736152648926,6.383794546127319,0,0,0,0,0
8.998594999313354,6.393653392791748,0,0,0,0,0
9.008607149124146,6.403665542602539,0,0,0,0,0
9.018867492675781,6.413925886154175,0,0,0,0,0
9.02872610092163,6.423784494400024,0,0,0,0,0
9.038613319396973,6.433671712875366,0,0,0,0,0
9.04872989654541,6.443788290023804,0,0,0,0,0
9.058398246765137,6.45345664024353,0,0,0,0,0
9.068482160568237,6.463540554046631,0,0,0,0,0
9.078618049621582,6.473676443099976,0,0,0,0,0
9.088609457015991,6.483667850494385,0,0,0,0,0
9.098534345626831,6.493592739105225,0,0,0,0,0
9.108623743057251,6.5036821365356445,0,0,0,0,0
9.118678092956543,6.5137364864349365,0,0,0,0,0
9.128720998764038,6.523779392242432,0,0,0,0,0
9.138723373413086,6.5337817668914795,0,0,0,0,0
9.148621320724487,6.543679714202881,0,0,0,0,0
9.15836787223816,6.553426265716553,0,0,0,0,0
9.168545007705688,6.563603401184082,0,0,0,0,0
9.178699970245361,6.573758363723755,0,0,0,0,0
9.188680410385132,6.583738803863525,0,0,0,0,0
9.19846224784851,6.593520641326904,0,0,0,0,0
9.208508253097534,6.603566646575928,0,0,0,0,0
9.218815803527832,6.613874197006226,0,0,0,0,0
9.228537559509277,6.623595952987671,0,0,0,0,0
9.238774061203003,6.6338324546813965,0,0,0,0,0
9.248881816864014,6.643940210342407,0,0,0,0,0
9.258429288864136,6.653487682342529,0,0,0,0,0
9.268446683883667,6.6635050773620605,0,0,0,0,0
9.27843189239502,6.673490285873413,0,0,0,0,0
9.28862714767456,6.683685541152954,0,0,0,0,0
9.298838376998901,6.693896770477295,0,0,0,0,0
9.308656692504883,6.703715085983276,0,0,0,0,0
9.318631172180176,6.713689565658569,0,0,0,0,0
9.328861236572266,6.723919630050659,0,0,0,0,0
9.33877420425415,6.733832597732544,0,0,0,0,0
9.348649024963379,6.7437074184417725,0,0,0,0,0
9.358568906784058,6.753627300262451,0,0,0,0,0
9.368480682373047,6.76353907585144,0,0,0,0,0
9.378562211990356,6.77362060546875,0,0,0,0,0
9.388542652130127,6.7836010456085205,0,0,0,0,0
9.39850664138794,6.793565034866333,0,0,0,0,0
9.40865159034729,6.803709983825684,0,0,0,0,0
9.418649196624756,6.813707590103149,0,0,0,0,0
9.42860460281372,6.823662996292114,0,0,0,0,0
9.438549757003784,6.833608150482178,0,0,0,0,0
9.448591470718384,6.843649864196777,0,0,0,0,0
9.458359003067017,6.85341739654541,0,0,0,0,0
9.468761682510376,6.8638200759887695,0,0,0,0,0
9.478479146957397,6.873537540435791,0,0,0,0,0
9.488451480865479,6.883509874343872,0,0,0,0,0
9.498954057693481,6.894012451171875,0,0,0,0,0
9.508679628372192,6.903738021850586,0,0,0,0,0
9.518778562545776,6.91383695602417,0,0,0,0,0
9.528955459594727,6.92401385307312,0,0,0,0,0
9.538939237594604,6.933997631072998,0,0,0,0,0
9.548622131347656,6.94368052482605,0,0,0,0,0
9.558555364608765,6.953613758087158,0,0,0,0,0
9.569043159484863,6.964101552963257,0,0,0,0,0
9.579216480255127,6.9742748737335205,0,0,0,0,0
9.58886170387268,6.983920097351074,0,0,0,0,0
9.598914384841919,6.9939727783203125,0,0,0,0,0
9.608505010604858,7.003563404083252,0,0,0,0,0
9.619221925735474,7.014280319213867,0,0,0,0,0
9.629073858261108,7.024132251739502,0,0,0,0,0
9.638985872268677,7.03404426574707,0,0,0,0,0
9.648762702941895,7.043821096420288,0,0,0,0,0
9.658507347106934,7.053565740585327,0,0,0,0,0
9.668970346450806,7.064028739929199,0,0,0,0,0
9.678602695465088,7.0736610889434814,0,0,0,0,0
9.688808917999268,7.083867311477661,0,0,0,0,0
9.698704242706299,7.093762636184692,0,0,0,0,0
9.70875096321106,7.103809356689453,0,0,0,0,0
9.71868371963501,7.113742113113403,0,0,0,0,0
9.728518009185791,7.123576402664185,0,0,0,0,0
9.738619089126587,7.1336774826049805,0,0,0,0,0
9.74864649772644,7.143704891204834,0,0,0,0,0
9.758698463439941,7.153756856918335,0,0,0,0,0
9.768878698348999,7.163937091827393,0,0,0,0,0
9.778676986694336,7.1737353801727295,0,0,0,0,0
9.788586378097534,7.183644771575928,0,0,0,0,0
9.798518180847168,7.1935765743255615,0,0,0,0,0
9.808421850204468,7.203480243682861,0,0,0,0,0
9.81864070892334,7.213699102401733,0,0,0,0,0
9.82845425605774,7.223512649536133,0,0,0,0,0
9.8386971950531,7.233755588531494,0,0,0,0,0
9.848921537399292,7.2439799308776855,0,0,0,0,0
9.858361005783081,7.253419399261475,0,0,0,0,0
9.868945837020874,7.264004230499268,0,0,0,0,0
9.878645896911621,7.273704290390015,0,0,0,0,0
9.888765573501587,7.2838239669799805,0,0,0,0,0
9.898645877838135,7.293704271316528,0,0,0,0,0
9.908424139022827,7.303482532501221,0,0,0,0,0
9.918850898742676,7.313909292221069,0,0,0,0,0
9.928889274597168,7.3239476680755615,0,0,0,0,0
9.93883490562439,7.333893299102783,0,0,0,0,0
9.948712587356567,7.343770980834961,0,0,0,0,0
9.959379434585571,7.354437828063965,0,0,0,0,0
9.968487977981567,7.363546371459961,0,0,0,0,0
9.978723526000977,7.37378191947937,0,0,0,0,0
9.988819122314453,7.383877515792847,0,0,0,0,0
9.998716592788696,7.39377498626709,0,0,0,0,0
10.008564949035645,7.403623342514038,0,0,0,0,0
10.019006252288818,7.414064645767212,0,0,0,0,0
10.028620481491089,7.423678874969482,0,0,0,0,0
10.038781642913818,7.433840036392212,0,0,0,0,0
10.048918724060059,7.443977117538452,0,0,0,0,0
10.058423042297363,7.453481435775757,0,0,0,0,0
10.068487405776978,7.463545799255371,0,0,0,0,0
10.078463315963745,7.473521709442139,0,0,0,0,0
10.08873200416565,7.483790397644043,0,0,0,0,0
10.0988028049469,7.493861198425293,0,0,0,0,0
10.108755111694336,7.5038135051727295,0,0,0,0,0
10.118651628494263,7.513710021972656,0,0,0,0,0
10.128615617752075,7.523674011230469,0,0,0,0,0
10.138569116592407,7.533627510070801,0,0,0,0,0
10.148609399795532,7.543667793273926,0,0,0,0,0
10.158508777618408,7.553567171096802,0,0,0,0,0
10.168556928634644,7.563615322113037,0,0,0,0,0
10.17874550819397,7.573803901672363,0,0,0,0,0
10.188770294189453,7.583828687667847,0,0,0,0,0
10.19865083694458,7.593709230422974,0,0,0,0,0
10.20877456665039,7.603832960128784,0,0,0,0,0
10.21891736984253,7.613975763320923,0,0,0,0,0
10.228672504425049,7.623730897903442,0,0,0,0,0
10.238741159439087,7.6337995529174805,0,0,0,0,0
10.248747825622559,7.643806219100952,0,0,0,0,0
10.258375883102417,7.6534342765808105,0,0,0,0,0
10.268492698669434,7.663551092147827,0,0,0,0,0
10.278555393218994,7.673613786697388,0,0,0,0,0
10.288668632507324,7.683727025985718,0,0,0,0,0
10.29861569404602,7.693674087524414,0,0,0,0,0
10.308600664138794,7.7036590576171875,0,0,0,0,0
10.318824529647827,7.713882923126221,0,0,0,0,0
10.328686237335205,7.723744630813599,0,0,0,0,0
10.338807106018066,7.73386549949646,0,0,0,0,0
10.348628997802734,7.743687391281128,0,0,0,0,0
10.358479261398315,7.753537654876709,0,0,0,0,0
10.368850231170654,7.763908624649048,0,0,0,0,0
10.378788948059082,7.773847341537476,0,0,0,0,0
10.38884162902832,7.783900022506714,0,0,0,0,0
10.3985915184021,7.793649911880493,0,0,0,0,0
10.40920376777649,7.804262161254883,0,0,0,0,0
10.418909549713135,7.813967943191528,0,0,0,0,0
10.428663730621338,7.8237221240997314,0,0,0,0,0
10.438700437545776,7.83375883102417,0,0,0,0,0
10.448594808578491,7.843653202056885,0,0,0,0,0
10.458434343338013,7.853492736816406,0,0,0,0,0
10.468489170074463,7.8635475635528564,0,0,0,0,0
10.478502988815308,7.873561382293701,0,0,0,0,0
10.48882007598877,7.883878469467163,0,0,0,0,0
10.498542308807373,7.893600702285767,0,0,0,0,0
10.50856876373291,7.903627157211304,0,0,0,0,0
10.518750429153442,7.913808822631836,0,0,0,0,0
10.528555631637573,7.923614025115967,0,0,0,0,0
10.538543701171875,7.9336020946502686,0,0,0,0,0
10.548529148101807,7.9435875415802,0,0,0,0,0
10.558530569076538,7.953588962554932,0,0,0,0,0
10.568419218063354,7.963477611541748,0,0,0,0,0
10.57866382598877,7.973722219467163,0,0,0,0,0
10.588568687438965,7.983627080917358,0,0,0,0,0
10.598626375198364,7.993684768676758,0,0,0,0,0
10.608716011047363,8.003774404525757,0,0,0,0,0
10.618837833404541,8.013896226882935,0,0,0,0,0
10.628677368164062,8.023735761642456,0,0,0,0,0
10.6390860080719,8.034144401550293,0,0,0,0,0
10.648999214172363,8.044057607650757,0,0,0,0,0
10.661184072494507,8.0562424659729,0,0,0,0,0
10.668636083602905,8.063694477081299,0,0,0,0,0
10.678733110427856,8.07379150390625,0,0,0,0,0
10.688650369644165,8.083708763122559,0,0,0,0,0
10.698725700378418,8.093784093856812,0,0,0,0,0
10.708499908447266,8.10355830192566,0,0,0,0,0
10.718647241592407,8.1137056350708,0,0,0,0,0
10.72877836227417,8.123836755752563,0,0,0,0,0
10.738615036010742,8.133673429489136,0,0,0,0,0
10.748539209365845,8.143597602844238,0,0,0,0,0
10.75895380973816,8.154012203216553,0,0,0,0,0
10.768410921096802,8.163469314575195,0,0,0,0,0
10.778499841690063,8.173558235168457,0,0,0,0,0
10.788694620132446,8.18375301361084,0,0,0,0,0
10.798470735549927,8.19352912902832,0,0,0,0,0
10.808775901794434,8.203834295272827,0,0,0,0,0
10.819039583206177,8.21409797668457,0,0,0,0,0
10.828667640686035,8.223726034164429,0,0,0,0,0
10.838703393936157,8.23376178741455,0,0,0,0,0
10.84860873222351,8.243667125701904,0,0,0,0,0
10.858482360839844,8.253540754318237,0,0,0,0,0
10.868391990661621,8.263450384140015,0,0,0,0,0
10.878517866134644,8.273576259613037,0,0,0,0,0
10.888427257537842,8.283485651016235,0,0,0,0,0
10.898839473724365,8.293897867202759,0,0,0,0,0
10.908591270446777,8.303649663925171,0,0,0,0,0
10.918745040893555,8.313803434371948,0,0,0,0,0
10.928904294967651,8.323962688446045,0,0,0,0,0
10.938825845718384,8.333884239196777,0,0,0,0,0
10.94858193397522,8.343640327453613,0,0,0,0,0
10.958434104919434,8.353492498397827,0,0,0,0,0
10.968456029891968,8.363514423370361,0,0,0,0,0
10.978750944137573,8.373809337615967,0,0,0,0,0
10.988561391830444,8.383619785308838,0,0,0,0,0
10.998423099517822,8.393481492996216,0,0,0,0,0
11.008858680725098,8.403917074203491,0,0,0,0,0
11.018815994262695,8.413874387741089,0,0,0,0,0
11.028863906860352,8.423922300338745,0,0,0,0,0
11.038851261138916,8.43390965461731,0,0,0,0,0
11.048653364181519,8.443711757659912,0,0,0,0,0
11.058462142944336,8.45352053642273,0,0,0,0,0
11.068868637084961,8.463927030563354,0,0,0,0,0
11.078418254852295,8.473476648330688,0,0,0,0,0
11.088697910308838,8.483756303787231,0,0,0,0,0
11.09866738319397,8.493725776672363,0,0,0,0,0
11.108898639678955,8.503957033157349,0,0,0,0,0
11.118687391281128,8.513745784759521,0,0,0,0,0
11.129219770431519,8.524278163909912,0,0,0,0,0
11.138652563095093,8.533710956573486,0,0,0,0,0
11.148637056350708,8.543695449829102,0,0,0,0,0
11.158558130264282,8.553616523742676,0,0,0,0,0
11.16846776008606,8.563526153564453,0,0,0,0,0
11.179023027420044,8.574081420898438,0,0,0,0,0
11.189098358154297,8.58415675163269,0,0,0,0,0
11.19909143447876,8.594149827957153,0,0,0,0,0
11.208563566207886,8.60362195968628,0,0,0,0,0
11.219006299972534,8.614064693450928,0,0,0,0,0
11.229165315628052,8.624223709106445,0,0,0,0,0
11.238698482513428,8.633756875991821,0,0,0,0,0
11.248644590377808,8.643702983856201,0,0,0,0,0
11.258459568023682,8.653517961502075,0,0,0,0,0
11.268658638000488,8.663717031478882,0,0,0,0,0
11.27861213684082,8.673670530319214,0,0,0,0,0
11.289272546768188,8.684330940246582,0,0,0,0,0
11.298888683319092,8.693947076797485,0,0,0,0,0
11.308757305145264,8.703815698623657,0,0,0,0,0
11.318928480148315,8.713986873626709,0,0,0,0,0
11.329121828079224,8.724180221557617,0,0,0,0,0
11.338523864746094,8.733582258224487,0,0,0,0,0
11.348522186279297,8.74358057975769,0,0,0,0,0
11.358439922332764,8.753498315811157,0,0,0,0,0
11.368632316589355,8.763690710067749,0,0,0,0,0
11.37908673286438,8.774145126342773,0,0,0,0,0
11.389010906219482,8.784069299697876,0,0,0,0,0
11.398670434951782,8.793728828430176,0,0,0,0,0
11.408758640289307,8.8038170337677,0,0,0,0,0
11.418880939483643,8.813939332962036,0,0,0,0,0
11.428863286972046,8.82392168045044,0,0,0,0,0
11.439090728759766,8.83414912223816,0,0,0,0,0
11.448723793029785,8.843782186508179,0,0,0,0,0
11.458405017852783,8.853463411331177,0,0,0,0,0
11.468896865844727,8.86395525932312,0,0,0,0,0
11.478912115097046,8.87397050857544,0,0,0,0,0
11.488768339157104,8.883826732635498,0,0,0,0,0
11.4987473487854,8.893805742263794,0,0,0,0,0
11.50854229927063,8.903600692749023,0,0,0,0,0
11.518916130065918,8.913974523544312,0,0,0,0,0
11.528940677642822,8.923999071121216,0,0,0,0,0
11.53868556022644,8.933743953704834,0,0,0,0,0
11.548825979232788,8.943884372711182,0,0,0,0,0
11.558495998382568,8.953554391860962,0,0,0,0,0
11.568743467330933,8.963801860809326,0,0,0,0,0
11.578619718551636,8.97367811203003,0,0,0,0,0
11.588631629943848,8.983690023422241,0,0,0,0,0
11.598915576934814,8.993973970413208,0,0,0,0,0
11.608692646026611,9.003751039505005,0,0,0,0,0
11.61853289604187,9.013591289520264,0,0,0,0,0
11.628880023956299,9.023938417434692,0,0,0,0,0
11.638858318328857,9.033916711807251,0,0,0,0,0
11.648910284042358,9.043968677520752,0,0,0,0,0
11.658500671386719,9.053559064865112,0,0,0,0,0
11.668679475784302,9.063737869262695,0,0,0,0,0
11.678603410720825,9.073661804199219,0,0,0,0,0
11.688516855239868,9.083575248718262,0,0,0,0,0
11.698639154434204,9.093697547912598,0,0,0,0,0
11.708667755126953,9.103726148605347,0,0,0,0,0
11.718905925750732,9.113964319229126,0,0,0,0,0
11.728781700134277,9.123840093612671,0,0,0,0,0
11.738529920578003,9.133588314056396,0,0,0,0,0
11.748549222946167,9.14360761642456,0,0,0,0,0
11.758584022521973,9.153642416000366,0,0,0,0,0
11.768493175506592,9.163551568984985,0,0,0,0,0
11.77850866317749,9.173567056655884,0,0,0,0,0
11.788413047790527,9.183471441268921,0,0,0,0,0
11.798514366149902,9.193572759628296,0,0,0,0,0
11.808662176132202,9.203720569610596,0,0,0,0,0
11.818657636642456,9.21371603012085,0,0,0,0,0
11.828672409057617,9.22373080253601,0,0,0,0,0
11.838521957397461,9.233580350875854,0,0,0,0,0
11.848463773727417,9.24352216720581,0,0,0,0,0
11.858494520187378,9.253552913665771,0,0,0,0,0
11.868603229522705,9.263661623001099,0,0,0,0,0
11.878690481185913,9.273748874664307,0,0,0,0,0
11.888510942459106,9.2835693359375,0,0,0,0,0
11.898555278778076,9.29361367225647,0,0,0,0,0
11.908529996871948,9.303588390350342,0,0,0,0,0
11.91906189918518,9.314120292663574,0,0,0,0,0
11.92876148223877,9.323819875717163,0,0,0,0,0
11.93869137763977,9.333749771118164,0,0,0,0,0
11.948850393295288,9.343908786773682,0,0,0,0,0
11.958477020263672,9.353535413742065,0,0,0,0,0
11.968477010726929,9.363535404205322,0,0,0,0,0
11.978455305099487,9.37351369857788,0,0,0,0,0
11.988458395004272,9.383516788482666,0,0,0,0,0
11.998854875564575,9.393913269042969,0,0,0,0,0
12.008458614349365,9.403517007827759,0,0,0,0,0
12.018854141235352,9.413912534713745,0,0,0,0,0
12.028892278671265,9.423950672149658,0,0,0,0,0
12.038469791412354,9.433528184890747,0,0,0,0,0
12.048559427261353,9.443617820739746,0,0,0,0,0
12.058450937271118,9.453509330749512,0,0,0,0,0
12.06882643699646,9.463884830474854,0,0,0,0,0
12.07880973815918,9.473868131637573,0,0,0,0,0
12.088857650756836,9.48391604423523,0,0,0,0,0
12.098512172698975,9.493570566177368,0,0,0,0,0
12.108476877212524,9.503535270690918,0,0,0,0,0
12.118499040603638,9.513557434082031,0,0,0,0,0
12.128682613372803,9.523741006851196,0,0,0,0,0
12.138534307479858,9.533592700958252,0,0,0,0,0
12.148596048355103,9.543654441833496,0,0,0,0,0
12.158493757247925,9.553552150726318,0,0,0,0,0
12.168596982955933,9.563655376434326,0,0,0,0,0
12.178303003311157,9.57336139678955,0,0,0,0,0
12.188504695892334,9.583563089370728,0,0,0,0,0
12.198450565338135,9.593508958816528,0,0,0,0,0
12.208528757095337,9.60358715057373,0,0,0,0,0
12.218642234802246,9.61370062828064,0,0,0,0,0
12.22885251045227,9.623910903930664,0,0,0,0,0
12.238654136657715,9.633712530136108,0,0,0,0,0
12.248663425445557,9.64372181892395,0,0,0,0,0
12.258532524108887,9.65359091758728,0,0,0,0,0
12.268625259399414,9.663683652877808,0,0,0,0,0
12.278591632843018,9.673650026321411,0,0,0,0,0
12.288401365280151,9.683459758758545,0,0,0,0,0
12.29849100112915,9.693549394607544,0,0,0,0,0
12.308490991592407,9.7035493850708,0,0,0,0,0
12.318601131439209,9.713659524917603,0,0,0,0,0
12.32855749130249,9.723615884780884,0,0,0,0,0
12.33855652809143,9.733614921569824,0,0,0,0,0
12.348894834518433,9.743953227996826,0,0,0,0,0
12.358431339263916,9.75348973274231,0,0,0,0,0
12.36842966079712,9.763488054275513,0,0,0,0,0
12.378588676452637,9.77364706993103,0,0,0,0,0
12.388442039489746,9.78350043296814,0,0,0,0,0
12.398823261260986,9.79388165473938,0,0,0,0,0
12.408494472503662,9.803552865982056,0,0,0,0,0
12.418760776519775,9.813819169998169,0,0,0,0,0
12.428812265396118,9.823870658874512,0,0,0,0,0
12.438621520996094,9.833679914474487,0,0,0,0,0
12.448748111724854,9.843806505203247,0,0,0,0,0
12.458473682403564,9.853532075881958,0,0,0,0,0
12.468793392181396,9.86385178565979,0,0,0,0,0
12.47842788696289,9.873486280441284,0,0,0,0,0
12.488627195358276,9.88368558883667,0,0,0,0,0
12.4988431930542,9.893901586532593,0,0,0,0,0
12.508713006973267,9.90377140045166,0,0,0,0,0
12.51870846748352,9.913766860961914,0,0,0,0,0
12.528905391693115,9.923963785171509,0,0,0,0,0
12.538553953170776,9.93361234664917,0,0,0,0,0
12.548901081085205,9.943959474563599,0,0,0,0,0
12.558387041091919,9.953445434570312,0,0,0,0,0
12.568684577941895,9.963742971420288,0,0,0,0,0
12.578374147415161,9.973432540893555,0,0,0,0,0
12.58852767944336,9.983586072921753,0,0,0,0,0
12.598851680755615,9.993910074234009,0,0,0,0,0
12.608500957489014,10.003559350967407,0,0,0,0,0
12.618797779083252,10.013856172561646,0,0,0,0,0
12.628861427307129,10.023919820785522,0,0,0,0,0
12.638858556747437,10.03391695022583,0,0,0,0,0
12.648901462554932,10.043959856033325,0,0,0,0,0
12.658427000045776,10.05348539352417,0,0,0,0,0
12.66844916343689,10.063507556915283,0,0,0,0,0
12.678453922271729,10.073512315750122,0,0,0,0,0
12.688759088516235,10.083817481994629,0,0,0,0,0
12.698710203170776,10.09376859664917,0,0,0,0,0
12.708428144454956,10.10348653793335,0,0,0,0,0
12.71870493888855,10.113763332366943,0,0,0,0,0
12.728878736495972,10.123937129974365,0,0,0,0,0
12.738592863082886,10.13365125656128,0,0,0,0,0
12.749005317687988,10.144063711166382,0,0,0,0,0
12.758364200592041,10.153422594070435,0,0,0,0,0
12.768652200698853,10.163710594177246,0,0,0,0,0
12.778509378433228,10.173567771911621,0,0,0,0,0
12.788764476776123,10.183822870254517,0,0,0,0,0
12.798645496368408,10.193703889846802,0,0,0,0,0
12.808579206466675,10.203637599945068,0,0,0,0,0
12.818684101104736,10.21374249458313,0,0,0,0,0
12.82888388633728,10.223942279815674,0,0,0,0,0
12.838735580444336,10.23379397392273,0,0,0,0,0
12.848899126052856,10.24395751953125,0,0,0,0,0
12.858559608459473,10.253618001937866,0,0,0,0,0
12.86856722831726,10.263625621795654,0,0,0,0,0
12.87865138053894,10.273709774017334,0,0,0,0,0
12.888836145401001,10.283894538879395,0,0,0,0,0
12.898449659347534,10.293508052825928,0,0,0,0,0
12.908389568328857,10.303447961807251,0,0,0,0,0
12.918798923492432,10.313857316970825,0,0,0,0,0
12.928711414337158,10.323769807815552,0,0,0,0,0
12.938791275024414,10.333849668502808,0,0,0,0,0
12.948745012283325,10.343803405761719,0,0,0,0,0
12.958356142044067,10.353414535522461,0,0,0,0,0
12.96839427947998,10.363452672958374,0,0,0,0,0
12.97850513458252,10.373563528060913,0,0,0,0,0
12.988600969314575,10.383659362792969,0,0,0,0,0
12.998900175094604,10.393958568572998,0,0,0,0,0
13.00847601890564,10.403534412384033,0,0,0,0,0
13.01895523071289,10.414013624191284,0,0,0,0,0
13.028895378112793,10.423953771591187,0,0,0,0,0
13.038734197616577,10.43379259109497,0,0,0,0,0
13.048560857772827,10.44361925125122,0,0,0,0,0
13.058414459228516,10.45347285270691,0,0,0,0,0
13.068675994873047,10.46373438835144,0,0,0,0,0
13.07887601852417,10.473934412002563,0,0,0,0,0
13.08880877494812,10.483867168426514,0,0,0,0,0
13.098707914352417,10.49376630783081,0,0,0,0,0
13.108676195144653,10.503734588623047,0,0,0,0,0
13.118735551834106,10.5137939453125,0,0,0,0,0
13.128954887390137,10.52401328086853,0,0,0,0,0
13.138691902160645,10.533750295639038,0,0,0,0,0
13.14891791343689,10.543976306915283,0,0,0,0,0
13.15850281715393,10.553561210632324,0,0,0,0,0
13.168670892715454,10.563729286193848,0,0,0,0,0
13.178529024124146,10.573587417602539,0,0,0,0,0
13.18863558769226,10.583693981170654,0,0,0,0,0
13.198548555374146,10.593606948852539,0,0,0,0,0
13.208496570587158,10.603554964065552,0,0,0,0,0
13.218579292297363,10.613637685775757,0,0,0,0,0
13.22840166091919,10.623460054397583,0,0,0,0,0
13.238596677780151,10.633655071258545,0,0,0,0,0
13.248428344726562,10.643486738204956,0,0,0,0,0
13.25826644897461,10.653324842453003,0,0,0,0,0
13.26860785484314,10.663666248321533,0,0,0,0,0
13.278326988220215,10.673385381698608,0,0,0,0,0
13.288533687591553,10.683592081069946,0,0,0,0,0
13.298381805419922,10.693440198898315,0,0,0,0,0
13.308597326278687,10.70365571975708,0,0,0,0,0
13.318888425827026,10.71394681930542,0,0,0,0,0
13.328871250152588,10.723929643630981,0,0,0,0,0
13.338657140731812,10.733715534210205,0,0,0,0,0
13.348857641220093,10.743916034698486,0,0,0,0,0
13.358526468276978,10.753584861755371,0,0,0,0,0
13.368847608566284,10.763906002044678,0,0,0,0,0
13.378857851028442,10.773916244506836,0,0,0,0,0
13.388412714004517,10.78347110748291,0,0,0,0,0
13.398678064346313,10.793736457824707,0,0,0,0,0
13.408369302749634,10.803427696228027,0,0,0,0,0
13.4186372756958,10.813695669174194,0,0,0,0,0
13.428447484970093,10.823505878448486,0,0,0,0,0
13.438581228256226,10.83363962173462,0,0,0,0,0
13.448413610458374,10.843472003936768,0,0,0,0,0
13.458240032196045,10.853298425674438,0,0,0,0,0
13.468619585037231,10.863677978515625,0,0,0,0,0
13.478384017944336,10.87344241142273,0,0,0,0,0
13.488597631454468,10.883656024932861,0,0,0,0,0
13.498789310455322,10.893847703933716,0,0,0,0,0
13.50831913948059,10.903377532958984,0,0,0,0,0
13.518620014190674,10.913678407669067,0,0,0,0,0
13.528823852539062,10.923882246017456,0,0,0,0,0
13.53842830657959,10.933486700057983,0,0,0,0,0
13.548465013504028,10.943523406982422,0,0,0,0,0
13.558454275131226,10.95351266860962,0,0,0,0,0
13.568552494049072,10.963610887527466,0,0,0,0,0
13.578698873519897,10.973757266998291,0,0,0,0,0
13.588488340377808,10.983546733856201,0,0,0,0,0
13.598496198654175,10.993554592132568,0,0,0,0,0
13.608369827270508,11.003428220748901,0,0,0,0,0
13.618659019470215,11.013717412948608,0,0,0,0,0
13.62886905670166,11.023927450180054,0,0,0,0,0
13.638505697250366,11.03356409072876,0,0,0,0,0
13.64864730834961,11.043705701828003,0,0,0,0,0
13.6585693359375,11.053627729415894,0,0,0,0,0
13.66834568977356,11.063404083251953,0,0,0,0,0
13.678517818450928,11.073576211929321,0,0,0,0,0
13.688488245010376,11.08354663848877,0,0,0,0,0
13.698417901992798,11.093476295471191,0,0,0,0,0
13.708468675613403,11.103527069091797,0,0,0,0,0
13.718778848648071,11.113837242126465,0,0,0,0,0
13.728841066360474,11.123899459838867,0,0,0,0,0
13.738497018814087,11.13355541229248,0,0,0,0,0
13.748753070831299,11.143811464309692,0,0,0,0,0
13.758439779281616,11.15349817276001,0,0,0,0,0
13.768523931503296,11.16358232498169,0,0,0,0,0
13.778850555419922,11.173908948898315,0,0,0,0,0
13.788692951202393,11.183751344680786,0,0,0,0,0
13.79884958267212,11.193907976150513,0,0,0,0,0
